Time,C4
0.0,34
0.00390625,31
0.0078125,23
0.01171875,12
0.015625,3
0.01953125,0
0.0234375,1
0.02734375,1
0.03125,-2
0.03515625,-10
0.0390625,-23
0.04296875,-41
0.046875,-58
0.05078125,-73
0.0546875,-83
0.05859375,-86
0.0625,-77
0.06640625,-57
0.0703125,-29
0.07421875,-2
0.078125,18
0.08203125,28
0.0859375,29
0.08984375,28
0.09375,28
0.09765625,31
0.1015625,36
0.10546875,38
0.109375,34
0.11328125,27
0.1171875,24
0.12109375,27
0.125,32
0.12890625,32
0.1328125,25
0.13671875,11
0.140625,-6
0.14453125,-22
0.1484375,-34
0.15234375,-35
0.15625,-25
0.16015625,-12
0.1640625,-2
0.16796875,0
0.171875,-5
0.17578125,-17
0.1796875,-23
0.18359375,-15
0.1875,6
0.19140625,34
0.1953125,58
0.19921875,69
0.203125,64
0.20703125,49
0.2109375,33
0.21484375,17
0.21875,1
0.22265625,-12
0.2265625,-19
0.23046875,-24
0.234375,-26
0.23828125,-25
0.2421875,-24
0.24609375,-26
0.25,-27
0.25390625,-23
0.2578125,-17
0.26171875,-10
0.265625,1
0.26953125,14
0.2734375,28
0.27734375,43
0.28125,61
0.28515625,75
0.2890625,80
0.29296875,80
0.296875,79
0.30078125,73
0.3046875,63
0.30859375,51
0.3125,42
0.31640625,32
0.3203125,22
0.32421875,17
0.328125,20
0.33203125,25
0.3359375,29
0.33984375,36
0.34375,45
0.34765625,53
0.3515625,60
0.35546875,72
0.359375,91
0.36328125,112
0.3671875,124
0.37109375,124
0.375,113
0.37890625,93
0.3828125,69
0.38671875,49
0.390625,36
0.39453125,26
0.3984375,17
0.40234375,5
0.40625,-6
0.41015625,-15
0.4140625,-16
0.41796875,-9
0.421875,4
0.42578125,19
0.4296875,31
0.43359375,39
0.4375,45
0.44140625,51
0.4453125,57
0.44921875,64
0.453125,70
0.45703125,71
0.4609375,67
0.46484375,60
0.46875,52
0.47265625,42
0.4765625,26
0.48046875,4
0.484375,-18
0.48828125,-34
0.4921875,-45
0.49609375,-53
0.5,-55
0.50390625,-50
0.5078125,-37
0.51171875,-18
0.515625,14
0.51953125,54
0.5234375,89
0.52734375,110
0.53125,121
0.53515625,125
0.5390625,121
0.54296875,109
0.546875,91
0.55078125,72
0.5546875,53
0.55859375,37
0.5625,29
0.56640625,29
0.5703125,34
0.57421875,34
0.578125,24
0.58203125,14
0.5859375,12
0.58984375,18
0.59375,31
0.59765625,47
0.6015625,65
0.60546875,79
0.609375,92
0.61328125,107
0.6171875,120
0.62109375,125
0.625,122
0.62890625,113
0.6328125,102
0.63671875,93
0.640625,85
0.64453125,75
0.6484375,59
0.65234375,42
0.65625,28
0.66015625,21
0.6640625,20
0.66796875,19
0.671875,15
0.67578125,8
0.6796875,5
0.68359375,11
0.6875,24
0.69140625,38
0.6953125,48
0.69921875,52
0.703125,56
0.70703125,64
0.7109375,76
0.71484375,85
0.71875,91
0.72265625,91
0.7265625,85
0.73046875,79
0.734375,76
0.73828125,76
0.7421875,75
0.74609375,69
0.75,57
0.75390625,40
0.7578125,19
0.76171875,-3
0.765625,-19
0.76953125,-22
0.7734375,-8
0.77734375,20
0.78125,53
0.78515625,82
0.7890625,101
0.79296875,110
0.796875,110
0.80078125,102
0.8046875,86
0.80859375,64
0.8125,42
0.81640625,24
0.8203125,11
0.82421875,6
0.828125,10
0.83203125,14
0.8359375,10
0.83984375,-2
0.84375,-14
0.84765625,-25
0.8515625,-33
0.85546875,-34
0.859375,-27
0.86328125,-16
0.8671875,-3
0.87109375,11
0.875,24
0.87890625,35
0.8828125,44
0.88671875,46
0.890625,41
0.89453125,29
0.8984375,12
0.90234375,-6
0.90625,-21
0.91015625,-30
0.9140625,-33
0.91796875,-32
0.921875,-32
0.92578125,-38
0.9296875,-53
0.93359375,-70
0.9375,-82
0.94140625,-82
0.9453125,-72
0.94921875,-56
0.953125,-44
0.95703125,-42
0.9609375,-46
0.96484375,-48
0.96875,-41
0.97265625,-23
0.9765625,5
0.98046875,33
0.984375,54
0.98828125,63
0.9921875,59
0.99609375,46
1.0,29
1.00390625,15
1.0078125,7
1.01171875,2
1.015625,-3
1.01953125,-14
1.0234375,-34
1.02734375,-59
1.03125,-78
1.03515625,-81
1.0390625,-68
1.04296875,-46
1.046875,-28
1.05078125,-20
1.0546875,-21
1.05859375,-29
1.0625,-38
1.06640625,-41
1.0703125,-33
1.07421875,-19
1.078125,-7
1.08203125,-1
1.0859375,-3
1.08984375,-17
1.09375,-38
1.09765625,-58
1.1015625,-69
1.10546875,-72
1.109375,-71
1.11328125,-66
1.1171875,-62
1.12109375,-57
1.125,-50
1.12890625,-37
1.1328125,-18
1.13671875,4
1.140625,21
1.14453125,33
1.1484375,42
1.15234375,47
1.15625,50
1.16015625,53
1.1640625,56
1.16796875,52
1.171875,39
1.17578125,23
1.1796875,14
1.18359375,16
1.1875,28
1.19140625,45
1.1953125,54
1.19921875,43
1.203125,14
1.20703125,-21
1.2109375,-43
1.21484375,-44
1.21875,-22
1.22265625,15
1.2265625,49
1.23046875,68
1.234375,71
1.23828125,63
1.2421875,53
1.24609375,46
1.25,44
1.25390625,42
1.2578125,39
1.26171875,33
1.265625,27
1.26953125,22
1.2734375,18
1.27734375,8
1.28125,-10
1.28515625,-28
1.2890625,-41
1.29296875,-47
1.296875,-46
1.30078125,-39
1.3046875,-30
1.30859375,-21
1.3125,-12
1.31640625,-1
1.3203125,11
1.32421875,17
1.328125,14
1.33203125,7
1.3359375,2
1.33984375,2
1.34375,6
1.34765625,12
1.3515625,12
1.35546875,3
1.359375,-11
1.36328125,-26
1.3671875,-40
1.37109375,-50
1.375,-56
1.37890625,-59
1.3828125,-62
1.38671875,-62
1.390625,-59
1.39453125,-55
1.3984375,-53
1.40234375,-55
1.40625,-60
1.41015625,-64
1.4140625,-60
1.41796875,-40
1.421875,-7
1.42578125,31
1.4296875,66
1.43359375,89
1.4375,94
1.44140625,87
1.4453125,79
1.44921875,77
1.453125,76
1.45703125,70
1.4609375,53
1.46484375,26
1.46875,-1
1.47265625,-18
1.4765625,-24
1.48046875,-22
1.484375,-14
1.48828125,-5
1.4921875,1
1.49609375,8
1.5,16
1.50390625,24
1.5078125,25
1.51171875,16
1.515625,1
1.51953125,-9
1.5234375,-10
1.52734375,-5
1.53125,3
1.53515625,12
1.5390625,18
1.54296875,16
1.546875,9
1.55078125,-3
1.5546875,-22
1.55859375,-44
1.5625,-66
1.56640625,-82
1.5703125,-88
1.57421875,-81
1.578125,-66
1.58203125,-46
1.5859375,-24
1.58984375,0
1.59375,24
1.59765625,48
1.6015625,67
1.60546875,82
1.609375,89
1.61328125,88
1.6171875,81
1.62109375,73
1.625,67
1.62890625,64
1.6328125,58
1.63671875,44
1.640625,21
1.64453125,-5
1.6484375,-25
1.65234375,-35
1.65625,-33
1.66015625,-21
1.6640625,-6
1.66796875,11
1.671875,26
1.67578125,40
1.6796875,50
1.68359375,50
1.6875,38
1.69140625,19
1.6953125,4
1.69921875,-2
1.703125,4
1.70703125,16
1.7109375,27
1.71484375,29
1.71875,25
1.72265625,20
1.7265625,18
1.73046875,18
1.734375,20
1.73828125,22
1.7421875,21
1.74609375,16
1.75,8
1.75390625,-2
1.7578125,-14
1.76171875,-26
1.765625,-32
1.76953125,-28
1.7734375,-13
1.77734375,7
1.78125,23
1.78515625,33
1.7890625,36
1.79296875,29
1.796875,15
1.80078125,4
1.8046875,2
1.80859375,8
1.8125,16
1.81640625,25
1.8203125,30
1.82421875,29
1.828125,22
1.83203125,9
1.8359375,-4
1.83984375,-15
1.84375,-24
1.84765625,-33
1.8515625,-37
1.85546875,-32
1.859375,-23
1.86328125,-16
1.8671875,-15
1.87109375,-20
1.875,-24
1.87890625,-23
1.8828125,-16
1.88671875,-9
1.890625,-5
1.89453125,-6
1.8984375,-17
1.90234375,-30
1.90625,-37
1.91015625,-34
1.9140625,-27
1.91796875,-19
1.921875,-13
1.92578125,-12
1.9296875,-16
1.93359375,-20
1.9375,-17
1.94140625,-10
1.9453125,-3
1.94921875,1
1.953125,0
1.95703125,-6
1.9609375,-14
1.96484375,-22
1.96875,-30
1.97265625,-38
1.9765625,-50
1.98046875,-65
1.984375,-78
1.98828125,-79
1.9921875,-63
1.99609375,-37
2.0,-11
2.00390625,9
2.0078125,18
2.01171875,17
2.015625,11
2.01953125,6
2.0234375,4
2.02734375,5
2.03125,0
2.03515625,-13
2.0390625,-30
2.04296875,-44
2.046875,-50
2.05078125,-51
2.0546875,-48
2.05859375,-44
2.0625,-38
2.06640625,-32
2.0703125,-21
2.07421875,-3
2.078125,19
2.08203125,36
2.0859375,39
2.08984375,28
2.09375,8
2.09765625,-13
2.1015625,-28
2.10546875,-32
2.109375,-20
2.11328125,3
2.1171875,31
2.12109375,56
2.125,68
2.12890625,67
2.1328125,53
2.13671875,33
2.140625,13
2.14453125,0
2.1484375,-2
2.15234375,6
2.15625,16
2.16015625,24
2.1640625,28
2.16796875,28
2.171875,26
2.17578125,26
2.1796875,26
2.18359375,18
2.1875,1
2.19140625,-18
2.1953125,-29
2.19921875,-30
2.203125,-19
2.20703125,2
2.2109375,18
2.21484375,19
2.21875,3
2.22265625,-19
2.2265625,-36
2.23046875,-39
2.234375,-29
2.23828125,-11
2.2421875,6
2.24609375,12
2.25,3
2.25390625,-19
2.2578125,-45
2.26171875,-66
2.265625,-76
2.26953125,-77
2.2734375,-69
2.27734375,-53
2.28125,-31
2.28515625,-7
2.2890625,13
2.29296875,23
2.296875,20
2.30078125,10
2.3046875,-2
2.30859375,-11
2.3125,-14
2.31640625,-14
2.3203125,-10
2.32421875,-4
2.328125,7
2.33203125,21
2.3359375,38
2.33984375,52
2.34375,55
2.34765625,46
2.3515625,33
2.35546875,22
2.359375,16
2.36328125,14
2.3671875,16
2.37109375,21
2.375,27
2.37890625,30
2.3828125,33
2.38671875,38
2.390625,43
2.39453125,45
2.3984375,43
2.40234375,38
2.40625,31
2.41015625,27
2.4140625,29
2.41796875,35
2.421875,40
2.42578125,40
2.4296875,34
2.43359375,24
2.4375,14
2.44140625,12
2.4453125,22
2.44921875,40
2.453125,57
2.45703125,70
2.4609375,78
2.46484375,77
2.46875,66
2.47265625,51
2.4765625,45
2.48046875,51
2.484375,65
2.48828125,79
2.4921875,83
2.49609375,75
2.5,57
2.50390625,40
2.5078125,33
2.51171875,39
2.515625,49
2.51953125,52
2.5234375,44
2.52734375,27
2.53125,7
2.53515625,-12
2.5390625,-27
2.54296875,-38
2.546875,-46
2.55078125,-50
2.5546875,-47
2.55859375,-40
2.5625,-29
2.56640625,-15
2.5703125,-5
2.57421875,-2
2.578125,-5
2.58203125,-7
2.5859375,-7
2.58984375,-7
2.59375,-3
2.59765625,1
2.6015625,2
2.60546875,-1
2.609375,-3
2.61328125,1
2.6171875,13
2.62109375,34
2.625,55
2.62890625,67
2.6328125,68
2.63671875,59
2.640625,41
2.64453125,17
2.6484375,-4
2.65234375,-19
2.65625,-27
2.66015625,-27
2.6640625,-18
2.66796875,-2
2.671875,12
2.67578125,21
2.6796875,24
2.68359375,25
2.6875,26
2.69140625,25
2.6953125,24
2.69921875,20
2.703125,8
2.70703125,-11
2.7109375,-33
2.71484375,-54
2.71875,-71
2.72265625,-83
2.7265625,-89
2.73046875,-85
2.734375,-74
2.73828125,-57
2.7421875,-36
2.74609375,-18
2.75,-10
2.75390625,-9
2.7578125,-8
2.76171875,-3
2.765625,12
2.76953125,38
2.7734375,69
2.77734375,90
2.78125,93
2.78515625,79
2.7890625,53
2.79296875,22
2.796875,-5
2.80078125,-24
2.8046875,-35
2.80859375,-42
2.8125,-46
2.81640625,-46
2.8203125,-40
2.82421875,-30
2.828125,-21
2.83203125,-15
2.8359375,-10
2.83984375,-7
2.84375,-6
2.84765625,-7
2.8515625,-6
2.85546875,-5
2.859375,-3
2.86328125,3
2.8671875,18
2.87109375,39
2.875,57
2.87890625,68
2.8828125,67
2.88671875,56
2.890625,40
2.89453125,23
2.8984375,11
2.90234375,8
2.90625,11
2.91015625,16
2.9140625,20
2.91796875,22
2.921875,19
2.92578125,12
2.9296875,4
2.93359375,2
2.9375,6
2.94140625,14
2.9453125,20
2.94921875,21
2.953125,20
2.95703125,20
2.9609375,22
2.96484375,23
2.96875,22
2.97265625,15
2.9765625,0
2.98046875,-21
2.984375,-38
2.98828125,-44
2.9921875,-46
2.99609375,-48
3.0,-53
3.00390625,-57
3.0078125,-61
3.01171875,-62
3.015625,-57
3.01953125,-45
3.0234375,-28
3.02734375,-7
3.03125,16
3.03515625,40
3.0390625,59
3.04296875,65
3.046875,56
3.05078125,40
3.0546875,24
3.05859375,15
3.0625,19
3.06640625,32
3.0703125,47
3.07421875,61
3.078125,68
3.08203125,65
3.0859375,53
3.08984375,36
3.09375,14
3.09765625,-10
3.1015625,-30
3.10546875,-38
3.109375,-33
3.11328125,-18
3.1171875,3
3.12109375,22
3.125,35
3.12890625,39
3.1328125,36
3.13671875,30
3.140625,25
3.14453125,24
3.1484375,31
3.15234375,44
3.15625,54
3.16015625,52
3.1640625,36
3.16796875,7
3.171875,-31
3.17578125,-64
3.1796875,-81
3.18359375,-73
3.1875,-48
3.19140625,-16
3.1953125,12
3.19921875,32
3.203125,40
3.20703125,42
3.2109375,46
3.21484375,56
3.21875,69
3.22265625,80
3.2265625,82
3.23046875,71
3.234375,51
3.23828125,27
3.2421875,5
3.24609375,-10
3.25,-21
3.25390625,-27
3.2578125,-34
3.26171875,-44
3.265625,-56
3.26953125,-67
3.2734375,-74
3.27734375,-77
3.28125,-74
3.28515625,-64
3.2890625,-50
3.29296875,-30
3.296875,-5
3.30078125,19
3.3046875,38
3.30859375,46
3.3125,44
3.31640625,35
3.3203125,25
3.32421875,18
3.328125,11
3.33203125,4
3.3359375,-5
3.33984375,-13
3.34375,-18
3.34765625,-18
3.3515625,-12
3.35546875,-7
3.359375,-8
3.36328125,-15
3.3671875,-25
3.37109375,-34
3.375,-40
3.37890625,-43
3.3828125,-40
3.38671875,-33
3.390625,-25
3.39453125,-18
3.3984375,-12
3.40234375,-6
3.40625,-1
3.41015625,1
3.4140625,1
3.41796875,-2
3.421875,-7
3.42578125,-14
3.4296875,-22
3.43359375,-29
3.4375,-31
3.44140625,-31
3.4453125,-34
3.44921875,-40
3.453125,-44
3.45703125,-42
3.4609375,-34
3.46484375,-25
3.46875,-19
3.47265625,-23
3.4765625,-35
3.48046875,-49
3.484375,-55
3.48828125,-52
3.4921875,-39
3.49609375,-24
3.5,-17
3.50390625,-26
3.5078125,-44
3.51171875,-60
3.515625,-70
3.51953125,-67
3.5234375,-52
3.52734375,-30
3.53125,-11
3.53515625,-2
3.5390625,-1
3.54296875,-7
3.546875,-12
3.55078125,-10
3.5546875,-2
3.55859375,3
3.5625,0
3.56640625,-10
3.5703125,-25
3.57421875,-37
3.578125,-36
3.58203125,-19
3.5859375,6
3.58984375,29
3.59375,42
3.59765625,43
3.6015625,36
3.60546875,25
3.609375,16
3.61328125,13
3.6171875,14
3.62109375,15
3.625,11
3.62890625,-2
3.6328125,-17
3.63671875,-26
3.640625,-24
3.64453125,-9
3.6484375,17
3.65234375,44
3.65625,60
3.66015625,58
3.6640625,43
3.66796875,24
3.671875,6
3.67578125,-7
3.6796875,-15
3.68359375,-22
3.6875,-30
3.69140625,-38
3.6953125,-48
3.69921875,-58
3.703125,-68
3.70703125,-77
3.7109375,-82
3.71484375,-80
3.71875,-69
3.72265625,-49
3.7265625,-29
3.73046875,-15
3.734375,-5
3.73828125,1
3.7421875,3
3.74609375,0
3.75,0
3.75390625,5
3.7578125,13
3.76171875,21
3.765625,28
3.76953125,32
3.7734375,32
3.77734375,26
3.78125,16
3.78515625,8
3.7890625,5
3.79296875,5
3.796875,6
3.80078125,10
3.8046875,20
3.80859375,31
3.8125,39
3.81640625,39
3.8203125,32
3.82421875,16
3.828125,-1
3.83203125,-10
3.8359375,-6
3.83984375,13
3.84375,43
3.84765625,74
3.8515625,93
3.85546875,98
3.859375,93
3.86328125,81
3.8671875,71
3.87109375,66
3.875,61
3.87890625,48
3.8828125,26
3.88671875,2
3.890625,-20
3.89453125,-34
3.8984375,-37
3.90234375,-29
3.90625,-20
3.91015625,-12
3.9140625,1
3.91796875,15
3.921875,28
3.92578125,37
3.9296875,48
3.93359375,57
3.9375,62
3.94140625,63
3.9453125,59
3.94921875,48
3.953125,26
3.95703125,0
3.9609375,-24
3.96484375,-41
3.96875,-47
3.97265625,-45
3.9765625,-37
3.98046875,-29
3.984375,-26
3.98828125,-26
3.9921875,-25
3.99609375,-17
4.0,-1
4.00390625,22
4.0078125,43
4.01171875,55
4.015625,57
4.01953125,52
4.0234375,50
4.02734375,54
4.03125,64
4.03515625,73
4.0390625,77
4.04296875,71
4.046875,54
4.05078125,30
4.0546875,6
4.05859375,-14
4.0625,-30
4.06640625,-39
4.0703125,-43
4.07421875,-42
4.078125,-35
4.08203125,-22
4.0859375,-1
4.08984375,24
4.09375,44
4.09765625,53
4.1015625,53
4.10546875,46
4.109375,35
4.11328125,28
4.1171875,27
4.12109375,31
4.125,36
4.12890625,41
4.1328125,43
4.13671875,41
4.140625,35
4.14453125,22
4.1484375,6
4.15234375,-10
4.15625,-21
4.16015625,-29
4.1640625,-31
4.16796875,-29
4.171875,-25
4.17578125,-19
4.1796875,-12
4.18359375,-5
4.1875,0
4.19140625,8
4.1953125,21
4.19921875,36
4.203125,48
4.20703125,56
4.2109375,53
4.21484375,35
4.21875,9
4.22265625,-19
4.2265625,-46
4.23046875,-73
4.234375,-98
4.23828125,-118
4.2421875,-130
4.24609375,-133
4.25,-124
4.25390625,-106
4.2578125,-85
4.26171875,-66
4.265625,-55
4.26953125,-50
4.2734375,-47
4.27734375,-41
4.28125,-30
4.28515625,-13
4.2890625,6
4.29296875,19
4.296875,20
4.30078125,14
4.3046875,8
4.30859375,8
4.3125,13
4.31640625,20
4.3203125,20
4.32421875,7
4.328125,-15
4.33203125,-41
4.3359375,-63
4.33984375,-74
4.34375,-73
4.34765625,-63
4.3515625,-43
4.35546875,-18
4.359375,10
4.36328125,32
4.3671875,42
4.37109375,41
4.375,32
4.37890625,23
4.3828125,22
4.38671875,27
4.390625,35
4.39453125,40
4.3984375,38
4.40234375,32
4.40625,22
4.41015625,8
4.4140625,-4
4.41796875,-7
4.421875,-3
4.42578125,5
4.4296875,18
4.43359375,33
4.4375,42
4.44140625,38
4.4453125,28
4.44921875,23
4.453125,29
4.45703125,46
4.4609375,72
4.46484375,102
4.46875,124
4.47265625,130
4.4765625,115
4.48046875,88
4.484375,59
4.48828125,39
4.4921875,32
4.49609375,35
4.5,38
4.50390625,33
4.5078125,21
4.51171875,2
4.515625,-18
4.51953125,-32
4.5234375,-33
4.52734375,-23
4.53125,-9
4.53515625,5
4.5390625,20
4.54296875,30
4.546875,31
4.55078125,26
4.5546875,20
4.55859375,18
4.5625,14
4.56640625,7
4.5703125,-4
4.57421875,-16
4.578125,-26
4.58203125,-31
4.5859375,-28
4.58984375,-19
4.59375,-8
4.59765625,1
4.6015625,8
4.60546875,14
4.609375,20
4.61328125,24
4.6171875,23
4.62109375,16
4.625,4
4.62890625,-8
4.6328125,-13
4.63671875,-7
4.640625,7
4.64453125,25
4.6484375,42
4.65234375,53
4.65625,55
4.66015625,49
4.6640625,37
4.66796875,25
4.671875,15
4.67578125,6
4.6796875,-3
4.68359375,-15
4.6875,-24
4.69140625,-29
4.6953125,-32
4.69921875,-34
4.703125,-34
4.70703125,-32
4.7109375,-33
4.71484375,-35
4.71875,-34
4.72265625,-27
4.7265625,-17
4.73046875,-8
4.734375,1
4.73828125,11
4.7421875,20
4.74609375,27
4.75,30
4.75390625,27
4.7578125,14
4.76171875,-8
4.765625,-30
4.76953125,-42
4.7734375,-39
4.77734375,-28
4.78125,-15
4.78515625,-5
4.7890625,-4
4.79296875,-13
4.796875,-28
4.80078125,-38
4.8046875,-39
4.80859375,-36
4.8125,-33
4.81640625,-32
4.8203125,-31
4.82421875,-31
4.828125,-37
4.83203125,-45
4.8359375,-49
4.83984375,-46
4.84375,-42
4.84765625,-39
4.8515625,-33
4.85546875,-25
4.859375,-21
4.86328125,-21
4.8671875,-23
4.87109375,-28
4.875,-38
4.87890625,-52
4.8828125,-62
4.88671875,-64
4.890625,-56
4.89453125,-42
4.8984375,-27
4.90234375,-15
4.90625,-3
4.91015625,8
4.9140625,17
4.91796875,20
4.921875,18
4.92578125,9
4.9296875,-5
4.93359375,-15
4.9375,-18
4.94140625,-15
4.9453125,-12
4.94921875,-11
4.953125,-16
4.95703125,-23
4.9609375,-30
4.96484375,-31
4.96875,-26
4.97265625,-21
4.9765625,-19
4.98046875,-17
4.984375,-11
4.98828125,-4
4.9921875,2
4.99609375,8
5.0,16
5.00390625,21
5.0078125,24
5.01171875,30
5.015625,40
5.01953125,49
5.0234375,50
5.02734375,45
5.03125,37
5.03515625,28
5.0390625,17
5.04296875,2
5.046875,-13
5.05078125,-24
5.0546875,-27
5.05859375,-21
5.0625,-6
5.06640625,10
5.0703125,19
5.07421875,17
5.078125,11
5.08203125,9
5.0859375,16
5.08984375,30
5.09375,41
5.09765625,40
5.1015625,22
5.10546875,-10
5.109375,-42
5.11328125,-61
5.1171875,-63
5.12109375,-49
5.125,-28
5.12890625,-11
5.1328125,-6
5.13671875,-13
5.140625,-24
5.14453125,-35
5.1484375,-39
5.15234375,-35
5.15625,-26
5.16015625,-13
5.1640625,1
5.16796875,10
5.171875,14
5.17578125,11
5.1796875,3
5.18359375,-11
5.1875,-24
5.19140625,-32
5.1953125,-33
5.19921875,-30
5.203125,-26
5.20703125,-26
5.2109375,-31
5.21484375,-43
5.21875,-61
5.22265625,-79
5.2265625,-89
5.23046875,-87
5.234375,-75
5.23828125,-56
5.2421875,-38
5.24609375,-29
5.25,-29
5.25390625,-33
5.2578125,-33
5.26171875,-25
5.265625,-10
5.26953125,10
5.2734375,29
5.27734375,43
5.28125,48
5.28515625,51
5.2890625,54
5.29296875,61
5.296875,70
5.30078125,76
5.3046875,78
5.30859375,71
5.3125,53
5.31640625,26
5.3203125,-6
5.32421875,-35
5.328125,-56
5.33203125,-67
5.3359375,-70
5.33984375,-68
5.34375,-62
5.34765625,-54
5.3515625,-38
5.35546875,-10
5.359375,27
5.36328125,63
5.3671875,89
5.37109375,99
5.375,92
5.37890625,71
5.3828125,48
5.38671875,29
5.390625,19
5.39453125,17
5.3984375,20
5.40234375,22
5.40625,17
5.41015625,5
5.4140625,-11
5.41796875,-24
5.421875,-30
5.42578125,-29
5.4296875,-20
5.43359375,-8
5.4375,4
5.44140625,13
5.4453125,22
5.44921875,33
5.453125,43
5.45703125,51
5.4609375,59
5.46484375,69
5.46875,75
5.47265625,74
5.4765625,66
5.48046875,55
5.484375,39
5.48828125,18
5.4921875,-5
5.49609375,-29
5.5,-53
5.50390625,-75
5.5078125,-87
5.51171875,-82
5.515625,-62
5.51953125,-43
5.5234375,-30
5.52734375,-23
5.53125,-18
5.53515625,-15
5.5390625,-8
5.54296875,5
5.546875,16
5.55078125,20
5.5546875,18
5.55859375,14
5.5625,11
5.56640625,7
5.5703125,-2
5.57421875,-19
5.578125,-39
5.58203125,-55
5.5859375,-63
5.58984375,-63
5.59375,-60
5.59765625,-57
5.6015625,-54
5.60546875,-53
5.609375,-47
5.61328125,-33
5.6171875,-15
5.62109375,1
5.625,13
5.62890625,24
5.6328125,34
5.63671875,41
5.640625,44
5.64453125,42
5.6484375,31
5.65234375,16
5.65625,2
5.66015625,-7
5.6640625,-9
5.66796875,-7
5.671875,-3
5.67578125,3
5.6796875,10
5.68359375,20
5.6875,30
5.69140625,36
5.6953125,42
5.69921875,49
5.703125,56
5.70703125,60
5.7109375,63
5.71484375,63
5.71875,58
5.72265625,52
5.7265625,52
5.73046875,56
5.734375,53
5.73828125,41
5.7421875,21
5.74609375,-3
5.75,-27
5.75390625,-42
5.7578125,-42
5.76171875,-33
5.765625,-20
5.76953125,-7
5.7734375,4
5.77734375,10
5.78125,10
5.78515625,7
5.7890625,4
5.79296875,3
5.796875,6
5.80078125,15
5.8046875,28
5.80859375,38
5.8125,41
5.81640625,36
5.8203125,21
5.82421875,-1
5.828125,-19
5.83203125,-27
5.8359375,-25
5.83984375,-16
5.84375,-8
5.84765625,-5
5.8515625,-11
5.85546875,-23
5.859375,-36
5.86328125,-48
5.8671875,-56
5.87109375,-60
5.875,-60
5.87890625,-54
5.8828125,-39
5.88671875,-16
5.890625,6
5.89453125,20
5.8984375,23
5.90234375,12
5.90625,-9
5.91015625,-31
5.9140625,-46
5.91796875,-52
5.921875,-52
5.92578125,-50
5.9296875,-49
5.93359375,-51
5.9375,-54
5.94140625,-55
5.9453125,-54
5.94921875,-56
5.953125,-59
5.95703125,-60
5.9609375,-58
5.96484375,-51
5.96875,-36
5.97265625,-13
5.9765625,8
5.98046875,19
5.984375,19
5.98828125,14
5.9921875,4
5.99609375,-11
6.0,-26
6.00390625,-35
6.0078125,-39
6.01171875,-40
6.015625,-39
6.01953125,-35
6.0234375,-30
6.02734375,-29
6.03125,-36
6.03515625,-51
6.0390625,-72
6.04296875,-96
6.046875,-119
6.05078125,-132
6.0546875,-127
6.05859375,-102
6.0625,-65
6.06640625,-24
6.0703125,13
6.07421875,40
6.078125,53
6.08203125,51
6.0859375,37
6.08984375,16
6.09375,-7
6.09765625,-24
6.1015625,-31
6.10546875,-33
6.109375,-33
6.11328125,-35
6.1171875,-38
6.12109375,-40
6.125,-37
6.12890625,-30
6.1328125,-23
6.13671875,-21
6.140625,-26
6.14453125,-33
6.1484375,-35
6.15234375,-23
6.15625,0
6.16015625,28
6.1640625,50
6.16796875,61
6.171875,58
6.17578125,45
6.1796875,26
6.18359375,9
6.1875,-1
6.19140625,-8
6.1953125,-14
6.19921875,-24
6.203125,-34
6.20703125,-44
6.2109375,-53
6.21484375,-59
6.21875,-62
6.22265625,-63
6.2265625,-63
6.23046875,-61
6.234375,-55
6.23828125,-45
6.2421875,-33
6.24609375,-20
6.25,-6
6.25390625,6
6.2578125,15
6.26171875,20
6.265625,23
6.26953125,23
6.2734375,20
6.27734375,15
6.28125,8
6.28515625,-3
6.2890625,-16
6.29296875,-29
6.296875,-40
6.30078125,-51
6.3046875,-58
6.30859375,-58
6.3125,-53
6.31640625,-43
6.3203125,-26
6.32421875,-6
6.328125,14
6.33203125,32
6.3359375,47
6.33984375,57
6.34375,63
6.34765625,65
6.3515625,68
6.35546875,69
6.359375,68
6.36328125,62
6.3671875,48
6.37109375,22
6.375,-14
6.37890625,-53
6.3828125,-85
6.38671875,-103
6.390625,-102
6.39453125,-89
6.3984375,-73
6.40234375,-62
6.40625,-58
6.41015625,-56
6.4140625,-51
6.41796875,-37
6.421875,-14
6.42578125,12
6.4296875,33
6.43359375,42
6.4375,39
6.44140625,31
6.4453125,21
6.44921875,11
6.453125,-1
6.45703125,-12
6.4609375,-25
6.46484375,-38
6.46875,-50
6.47265625,-57
6.4765625,-60
6.48046875,-60
6.484375,-58
6.48828125,-56
6.4921875,-51
6.49609375,-43
6.5,-31
6.50390625,-14
6.5078125,4
6.51171875,19
6.515625,28
6.51953125,31
6.5234375,32
6.52734375,33
6.53125,36
6.53515625,42
6.5390625,51
6.54296875,52
6.546875,42
6.55078125,23
6.5546875,1
6.55859375,-24
6.5625,-47
6.56640625,-59
6.5703125,-56
6.57421875,-43
6.578125,-22
6.58203125,2
6.5859375,25
6.58984375,42
6.59375,48
6.59765625,46
6.6015625,40
6.60546875,33
6.609375,25
6.61328125,18
6.6171875,14
6.62109375,16
6.625,25
6.62890625,38
6.6328125,51
6.63671875,57
6.640625,49
6.64453125,26
6.6484375,-4
6.65234375,-31
6.65625,-46
6.66015625,-48
6.6640625,-41
6.66796875,-31
6.671875,-18
6.67578125,-3
6.6796875,16
6.68359375,39
6.6875,65
6.69140625,88
6.6953125,100
6.69921875,99
6.703125,88
6.70703125,67
6.7109375,41
6.71484375,14
6.71875,-8
6.72265625,-20
6.7265625,-20
6.73046875,-11
6.734375,-2
6.73828125,-1
6.7421875,-5
6.74609375,-11
6.75,-15
6.75390625,-11
6.7578125,3
6.76171875,18
6.765625,26
6.76953125,22
6.7734375,11
6.77734375,2
6.78125,1
6.78515625,11
6.7890625,27
6.79296875,42
6.796875,47
6.80078125,39
6.8046875,21
6.80859375,1
6.8125,-13
6.81640625,-24
6.8203125,-36
6.82421875,-50
6.828125,-65
6.83203125,-77
6.8359375,-77
6.83984375,-61
6.84375,-37
6.84765625,-22
6.8515625,-24
6.85546875,-38
6.859375,-56
6.86328125,-70
6.8671875,-72
6.87109375,-58
6.875,-37
6.87890625,-19
6.8828125,-4
6.88671875,12
6.890625,28
6.89453125,37
6.8984375,34
6.90234375,22
6.90625,4
6.91015625,-15
6.9140625,-29
6.91796875,-36
6.921875,-40
6.92578125,-46
6.9296875,-56
6.93359375,-64
6.9375,-67
6.94140625,-66
6.9453125,-60
6.94921875,-53
6.953125,-46
6.95703125,-36
6.9609375,-19
6.96484375,2
6.96875,24
6.97265625,43
6.9765625,50
6.98046875,41
6.984375,21
6.98828125,-3
6.9921875,-22
6.99609375,-29
7.0,-26
7.00390625,-18
7.0078125,-11
7.01171875,-9
7.015625,-18
7.01953125,-33
7.0234375,-43
7.02734375,-42
7.03125,-30
7.03515625,-8
7.0390625,21
7.04296875,48
7.046875,66
7.05078125,76
7.0546875,83
7.05859375,86
7.0625,84
7.06640625,78
7.0703125,67
7.07421875,54
7.078125,40
7.08203125,27
7.0859375,15
7.08984375,8
7.09375,3
7.09765625,0
7.1015625,-1
7.10546875,0
7.109375,0
7.11328125,-3
7.1171875,-4
7.12109375,-3
7.125,0
7.12890625,6
7.1328125,16
7.13671875,24
7.140625,30
7.14453125,38
7.1484375,50
7.15234375,61
7.15625,62
7.16015625,55
7.1640625,43
7.16796875,26
7.171875,6
7.17578125,-15
7.1796875,-32
7.18359375,-44
7.1875,-55
7.19140625,-66
7.1953125,-72
7.19921875,-69
7.203125,-58
7.20703125,-43
7.2109375,-28
7.21484375,-13
7.21875,-4
7.22265625,-5
7.2265625,-9
7.23046875,-9
7.234375,-1
7.23828125,15
7.2421875,33
7.24609375,49
7.25,57
7.25390625,55
7.2578125,47
7.26171875,35
7.265625,23
7.26953125,14
7.2734375,12
7.27734375,14
7.28125,16
7.28515625,16
7.2890625,15
7.29296875,14
7.296875,9
7.30078125,1
7.3046875,-5
7.30859375,-3
7.3125,9
7.31640625,25
7.3203125,45
7.32421875,63
7.328125,74
7.33203125,73
7.3359375,64
7.33984375,51
7.34375,36
7.34765625,13
7.3515625,-17
7.35546875,-48
7.359375,-72
7.36328125,-84
7.3671875,-82
7.37109375,-69
7.375,-53
7.37890625,-42
7.3828125,-37
7.38671875,-35
7.390625,-32
7.39453125,-25
7.3984375,-13
7.40234375,2
7.40625,16
7.41015625,27
7.4140625,37
7.41796875,44
7.421875,45
7.42578125,40
7.4296875,31
7.43359375,19
7.4375,5
7.44140625,-8
7.4453125,-19
7.44921875,-30
7.453125,-43
7.45703125,-55
7.4609375,-63
7.46484375,-63
7.46875,-56
7.47265625,-50
7.4765625,-45
7.48046875,-39
7.484375,-32
7.48828125,-21
7.4921875,-1
7.49609375,25
7.5,49
7.50390625,60
7.5078125,54
7.51171875,35
7.515625,5
7.51953125,-28
7.5234375,-59
7.52734375,-85
7.53125,-107
7.53515625,-120
7.5390625,-123
7.54296875,-121
7.546875,-113
7.55078125,-95
7.5546875,-71
7.55859375,-47
7.5625,-28
7.56640625,-16
7.5703125,-13
7.57421875,-19
7.578125,-25
7.58203125,-27
7.5859375,-21
7.58984375,-7
7.59375,10
7.59765625,26
7.6015625,38
7.60546875,42
7.609375,35
7.61328125,17
7.6171875,-6
7.62109375,-27
7.625,-38
7.62890625,-36
7.6328125,-25
7.63671875,-13
7.640625,-8
7.64453125,-10
7.6484375,-18
7.65234375,-27
7.65625,-29
7.66015625,-17
7.6640625,5
7.66796875,27
7.671875,44
7.67578125,57
7.6796875,61
7.68359375,57
7.6875,49
7.69140625,43
7.6953125,38
7.69921875,35
7.703125,31
7.70703125,25
7.7109375,15
7.71484375,4
7.71875,-13
7.72265625,-30
7.7265625,-39
7.73046875,-37
7.734375,-27
7.73828125,-14
7.7421875,-1
7.74609375,10
7.75,17
7.75390625,23
7.7578125,28
7.76171875,35
7.765625,44
7.76953125,50
7.7734375,51
7.77734375,49
7.78125,42
7.78515625,27
7.7890625,4
7.79296875,-22
7.796875,-45
7.80078125,-63
7.8046875,-74
7.80859375,-79
7.8125,-78
7.81640625,-76
7.8203125,-72
7.82421875,-64
7.828125,-53
7.83203125,-39
7.8359375,-25
7.83984375,-13
7.84375,-5
7.84765625,-2
7.8515625,0
7.85546875,1
7.859375,-1
7.86328125,-5
7.8671875,-11
7.87109375,-16
7.875,-21
7.87890625,-22
7.8828125,-24
7.88671875,-27
7.890625,-32
7.89453125,-35
7.8984375,-37
7.90234375,-37
7.90625,-34
7.91015625,-32
7.9140625,-32
7.91796875,-35
7.921875,-39
7.92578125,-40
7.9296875,-36
7.93359375,-29
7.9375,-22
7.94140625,-12
7.9453125,2
7.94921875,18
7.953125,30
7.95703125,36
7.9609375,40
7.96484375,39
7.96875,32
7.97265625,22
7.9765625,13
7.98046875,3
7.984375,-11
7.98828125,-27
7.9921875,-44
7.99609375,-56
8.0,-62
8.00390625,-56
8.0078125,-36
8.01171875,-6
8.015625,26
8.01953125,56
8.0234375,77
8.02734375,83
8.03125,73
8.03515625,53
8.0390625,30
8.04296875,8
8.046875,-10
8.05078125,-16
8.0546875,-14
8.05859375,-11
8.0625,-9
8.06640625,-6
8.0703125,-3
8.07421875,-2
8.078125,2
8.08203125,8
8.0859375,15
8.08984375,22
8.09375,31
8.09765625,42
8.1015625,52
8.10546875,59
8.109375,63
8.11328125,62
8.1171875,57
8.12109375,50
8.125,41
8.12890625,29
8.1328125,16
8.13671875,4
8.140625,-10
8.14453125,-24
8.1484375,-35
8.15234375,-40
8.15625,-41
8.16015625,-39
8.1640625,-31
8.16796875,-20
8.171875,-12
8.17578125,-9
8.1796875,-12
8.18359375,-18
8.1875,-26
8.19140625,-35
8.1953125,-44
8.19921875,-48
8.203125,-45
8.20703125,-33
8.2109375,-16
8.21484375,6
8.21875,26
8.22265625,41
8.2265625,46
8.23046875,46
8.234375,43
8.23828125,35
8.2421875,23
8.24609375,8
8.25,-9
8.25390625,-23
8.2578125,-27
8.26171875,-22
8.265625,-12
8.26953125,-3
8.2734375,0
8.27734375,-4
8.28125,-10
8.28515625,-13
8.2890625,-12
8.29296875,-6
8.296875,1
8.30078125,9
8.3046875,16
8.30859375,20
8.3125,18
8.31640625,10
8.3203125,-3
8.32421875,-18
8.328125,-32
8.33203125,-40
8.3359375,-44
8.33984375,-47
8.34375,-53
8.34765625,-60
8.3515625,-63
8.35546875,-55
8.359375,-41
8.36328125,-25
8.3671875,-12
8.37109375,-4
8.375,-3
8.37890625,-5
8.3828125,-5
8.38671875,0
8.390625,3
8.39453125,2
8.3984375,-1
8.40234375,-8
8.40625,-19
8.41015625,-30
8.4140625,-39
8.41796875,-47
8.421875,-52
8.42578125,-55
8.4296875,-53
8.43359375,-44
8.4375,-33
8.44140625,-21
8.4453125,-12
8.44921875,-6
8.453125,-3
8.45703125,-1
8.4609375,3
8.46484375,15
8.46875,32
8.47265625,47
8.4765625,51
8.48046875,44
8.484375,27
8.48828125,4
8.4921875,-19
8.49609375,-30
8.5,-24
8.50390625,-7
8.5078125,10
8.51171875,21
8.515625,24
8.51953125,19
8.5234375,11
8.52734375,2
8.53125,-2
8.53515625,-1
8.5390625,0
8.54296875,0
8.546875,3
8.55078125,16
8.5546875,36
8.55859375,56
8.5625,73
8.56640625,88
8.5703125,97
8.57421875,98
8.578125,95
8.58203125,89
8.5859375,80
8.58984375,67
8.59375,57
8.59765625,55
8.6015625,59
8.60546875,65
8.609375,67
8.61328125,64
8.6171875,53
8.62109375,39
8.625,25
8.62890625,18
8.6328125,19
8.63671875,27
8.640625,36
8.64453125,46
8.6484375,56
8.65234375,63
8.65625,68
8.66015625,70
8.6640625,66
8.66796875,56
8.671875,44
8.67578125,33
8.6796875,23
8.68359375,12
8.6875,1
8.69140625,-8
8.6953125,-14
8.69921875,-17
8.703125,-17
8.70703125,-16
8.7109375,-17
8.71484375,-24
8.71875,-35
8.72265625,-43
8.7265625,-46
8.73046875,-48
8.734375,-51
8.73828125,-51
8.7421875,-40
8.74609375,-13
8.75,22
8.75390625,56
8.7578125,76
8.76171875,77
8.765625,60
8.76953125,38
8.7734375,22
8.77734375,17
8.78125,14
8.78515625,8
8.7890625,-5
8.79296875,-21
8.796875,-37
8.80078125,-49
8.8046875,-55
8.80859375,-56
8.8125,-53
8.81640625,-48
8.8203125,-45
8.82421875,-44
8.828125,-44
8.83203125,-40
8.8359375,-30
8.83984375,-11
8.84375,11
8.84765625,29
8.8515625,36
8.85546875,32
8.859375,18
8.86328125,1
8.8671875,-17
8.87109375,-39
8.875,-61
8.87890625,-80
8.8828125,-90
8.88671875,-93
8.890625,-87
8.89453125,-79
8.8984375,-75
8.90234375,-76
8.90625,-76
8.91015625,-65
8.9140625,-49
8.91796875,-33
8.921875,-20
8.92578125,-12
8.9296875,-13
8.93359375,-21
8.9375,-27
8.94140625,-31
8.9453125,-35
8.94921875,-42
8.953125,-46
8.95703125,-45
8.9609375,-38
8.96484375,-32
8.96875,-28
8.97265625,-31
8.9765625,-42
8.98046875,-58
8.984375,-72
8.98828125,-76
8.9921875,-69
8.99609375,-51
9.0,-25
9.00390625,6
9.0078125,39
9.01171875,67
9.015625,83
9.01953125,84
9.0234375,73
9.02734375,55
9.03125,38
9.03515625,27
9.0390625,21
9.04296875,17
9.046875,12
9.05078125,4
9.0546875,-7
9.05859375,-17
9.0625,-18
9.06640625,-10
9.0703125,5
9.07421875,23
9.078125,43
9.08203125,59
9.0859375,69
9.08984375,75
9.09375,78
9.09765625,80
9.1015625,77
9.10546875,71
9.109375,63
9.11328125,55
9.1171875,49
9.12109375,48
9.125,52
9.12890625,55
9.1328125,50
9.13671875,37
9.140625,24
9.14453125,12
9.1484375,3
9.15234375,0
9.15625,3
9.16015625,7
9.1640625,7
9.16796875,6
9.171875,7
9.17578125,14
9.1796875,23
9.18359375,30
9.1875,35
9.19140625,34
9.1953125,27
9.19921875,16
9.203125,6
9.20703125,-3
9.2109375,-10
9.21484375,-16
9.21875,-20
9.22265625,-20
9.2265625,-18
9.23046875,-14
9.234375,-7
9.23828125,-1
9.2421875,-2
9.24609375,-9
9.25,-18
9.25390625,-26
9.2578125,-27
9.26171875,-18
9.265625,1
9.26953125,21
9.2734375,35
9.27734375,36
9.28125,25
9.28515625,12
9.2890625,1
9.29296875,-4
9.296875,-4
9.30078125,3
9.3046875,13
9.30859375,23
9.3125,28
9.31640625,27
9.3203125,19
9.32421875,4
9.328125,-11
9.33203125,-21
9.3359375,-25
9.33984375,-19
9.34375,-7
9.34765625,5
9.3515625,13
9.35546875,19
9.359375,24
9.36328125,23
9.3671875,15
9.37109375,5
9.375,-2
9.37890625,-5
9.3828125,-5
9.38671875,1
9.390625,12
9.39453125,22
9.3984375,26
9.40234375,24
9.40625,23
9.41015625,23
9.4140625,23
9.41796875,23
9.421875,22
9.42578125,23
9.4296875,28
9.43359375,37
9.4375,54
9.44140625,75
9.4453125,93
9.44921875,104
9.453125,107
9.45703125,103
9.4609375,96
9.46484375,94
9.46875,94
9.47265625,90
9.4765625,79
9.48046875,63
9.484375,44
9.48828125,25
9.4921875,10
9.49609375,1
9.5,-7
9.50390625,-19
9.5078125,-35
9.51171875,-47
9.515625,-54
9.51953125,-53
9.5234375,-47
9.52734375,-37
9.53125,-31
9.53515625,-33
9.5390625,-39
9.54296875,-44
9.546875,-43
9.55078125,-32
9.5546875,-13
9.55859375,8
9.5625,21
9.56640625,22
9.5703125,8
9.57421875,-14
9.578125,-38
9.58203125,-59
9.5859375,-73
9.58984375,-82
9.59375,-85
9.59765625,-80
9.6015625,-68
9.60546875,-52
9.609375,-36
9.61328125,-23
9.6171875,-13
9.62109375,-4
9.625,12
9.62890625,34
9.6328125,60
9.63671875,79
9.640625,88
9.64453125,84
9.6484375,73
9.65234375,61
9.65625,52
9.66015625,43
9.6640625,33
9.66796875,21
9.671875,5
9.67578125,-14
9.6796875,-30
9.68359375,-43
9.6875,-56
9.69140625,-67
9.6953125,-72
9.69921875,-65
9.703125,-50
9.70703125,-33
9.7109375,-16
9.71484375,-4
9.71875,0
9.72265625,-3
9.7265625,-6
9.73046875,-7
9.734375,-5
9.73828125,1
9.7421875,9
9.74609375,18
9.75,28
9.75390625,37
9.7578125,38
9.76171875,34
9.765625,29
9.76953125,23
9.7734375,16
9.77734375,6
9.78125,-5
9.78515625,-18
9.7890625,-33
9.79296875,-46
9.796875,-54
9.80078125,-52
9.8046875,-44
9.80859375,-34
9.8125,-20
9.81640625,-2
9.8203125,14
9.82421875,22
9.828125,24
9.83203125,23
9.8359375,22
9.83984375,22
9.84375,23
9.84765625,26
9.8515625,25
9.85546875,15
9.859375,-2
9.86328125,-18
9.8671875,-27
9.87109375,-30
9.875,-26
9.87890625,-19
9.8828125,-15
9.88671875,-18
9.890625,-26
9.89453125,-35
9.8984375,-43
9.90234375,-46
9.90625,-40
9.91015625,-31
9.9140625,-28
9.91796875,-31
9.921875,-36
9.92578125,-40
9.9296875,-43
9.93359375,-43
9.9375,-43
9.94140625,-45
9.9453125,-53
9.94921875,-69
9.953125,-90
9.95703125,-109
9.9609375,-118
9.96484375,-116
9.96875,-102
9.97265625,-81
9.9765625,-56
9.98046875,-31
9.984375,-11
9.98828125,4
9.9921875,16
9.99609375,29
10.0,37
10.00390625,39
10.0078125,37
10.01171875,39
10.015625,44
10.01953125,51
10.0234375,54
10.02734375,50
10.03125,36
10.03515625,13
10.0390625,-15
10.04296875,-40
10.046875,-57
10.05078125,-64
10.0546875,-60
10.05859375,-44
10.0625,-22
10.06640625,-3
10.0703125,7
10.07421875,8
10.078125,4
10.08203125,0
10.0859375,3
10.08984375,16
10.09375,33
10.09765625,43
10.1015625,42
10.10546875,33
10.109375,21
10.11328125,12
10.1171875,8
10.12109375,9
10.125,9
10.12890625,4
10.1328125,-9
10.13671875,-27
10.140625,-44
10.14453125,-56
10.1484375,-55
10.15234375,-43
10.15625,-25
10.16015625,-5
10.1640625,14
10.16796875,25
10.171875,23
10.17578125,10
10.1796875,-6
10.18359375,-15
10.1875,-13
10.19140625,3
10.1953125,30
10.19921875,58
10.203125,74
10.20703125,71
10.2109375,55
10.21484375,31
10.21875,6
10.22265625,-15
10.2265625,-31
10.23046875,-44
10.234375,-50
10.23828125,-47
10.2421875,-36
10.24609375,-23
10.25,-12
10.25390625,-2
10.2578125,9
10.26171875,20
10.265625,31
10.26953125,43
10.2734375,53
10.27734375,54
10.28125,48
10.28515625,42
10.2890625,36
10.29296875,24
10.296875,4
10.30078125,-22
10.3046875,-47
10.30859375,-64
10.3125,-70
10.31640625,-69
10.3203125,-68
10.32421875,-70
10.328125,-70
10.33203125,-70
10.3359375,-66
10.33984375,-59
10.34375,-52
10.34765625,-50
10.3515625,-50
10.35546875,-45
10.359375,-31
10.36328125,-9
10.3671875,13
10.37109375,31
10.375,40
10.37890625,43
10.3828125,40
10.38671875,34
10.390625,27
10.39453125,20
10.3984375,10
10.40234375,-1
10.40625,-7
10.41015625,-5
10.4140625,2
10.41796875,10
10.421875,19
10.42578125,26
10.4296875,28
10.43359375,25
10.4375,23
10.44140625,24
10.4453125,29
10.44921875,38
10.453125,48
10.45703125,56
10.4609375,58
10.46484375,57
10.46875,52
10.47265625,43
10.4765625,26
10.48046875,2
10.484375,-22
10.48828125,-45
10.4921875,-63
10.49609375,-70
10.5,-59
10.50390625,-35
10.5078125,-10
10.51171875,10
10.515625,26
10.51953125,39
10.5234375,43
10.52734375,41
10.53125,43
10.53515625,47
10.5390625,50
10.54296875,49
10.546875,48
10.55078125,51
10.5546875,53
10.55859375,48
10.5625,36
10.56640625,17
10.5703125,-9
10.57421875,-40
10.578125,-64
10.58203125,-73
10.5859375,-66
10.58984375,-48
10.59375,-25
10.59765625,-3
10.6015625,13
10.60546875,20
10.609375,24
10.61328125,27
10.6171875,32
10.62109375,38
10.625,44
10.62890625,46
10.6328125,39
10.63671875,20
10.640625,-7
10.64453125,-32
10.6484375,-47
10.65234375,-53
10.65625,-52
10.66015625,-47
10.6640625,-41
10.66796875,-39
10.671875,-42
10.67578125,-42
10.6796875,-35
10.68359375,-28
10.6875,-20
10.69140625,-8
10.6953125,8
10.69921875,16
10.703125,14
10.70703125,10
10.7109375,10
10.71484375,12
10.71875,15
10.72265625,22
10.7265625,29
10.73046875,30
10.734375,26
10.73828125,22
10.7421875,16
10.74609375,5
10.75,-13
10.75390625,-29
10.7578125,-38
10.76171875,-33
10.765625,-18
10.76953125,-5
10.7734375,0
10.77734375,-3
10.78125,-7
10.78515625,-7
10.7890625,2
10.79296875,15
10.796875,29
10.80078125,41
10.8046875,51
10.80859375,60
10.8125,69
10.81640625,72
10.8203125,64
10.82421875,43
10.828125,12
10.83203125,-23
10.8359375,-53
10.83984375,-71
10.84375,-79
10.84765625,-82
10.8515625,-79
10.85546875,-69
10.859375,-55
10.86328125,-40
10.8671875,-20
10.87109375,9
10.875,44
10.87890625,77
10.8828125,101
10.88671875,112
10.890625,108
10.89453125,93
10.8984375,79
10.90234375,71
10.90625,66
10.91015625,58
10.9140625,43
10.91796875,14
10.921875,-25
10.92578125,-60
10.9296875,-82
10.93359375,-86
10.9375,-74
10.94140625,-56
10.9453125,-39
10.94921875,-30
10.953125,-28
10.95703125,-27
10.9609375,-17
10.96484375,1
10.96875,23
10.97265625,40
10.9765625,48
10.98046875,43
10.984375,29
10.98828125,12
10.9921875,-1
10.99609375,-10
11.0,-18
11.00390625,-27
11.0078125,-35
11.01171875,-42
11.015625,-48
11.01953125,-54
11.0234375,-59
11.02734375,-67
11.03125,-76
11.03515625,-80
11.0390625,-75
11.04296875,-58
11.046875,-34
11.05078125,-10
11.0546875,8
11.05859375,20
11.0625,27
11.06640625,34
11.0703125,41
11.07421875,42
11.078125,33
11.08203125,18
11.0859375,1
11.08984375,-11
11.09375,-14
11.09765625,-11
11.1015625,-13
11.10546875,-24
11.109375,-43
11.11328125,-62
11.1171875,-74
11.12109375,-74
11.125,-61
11.12890625,-44
11.1328125,-24
11.13671875,-2
11.140625,22
11.14453125,48
11.1484375,73
11.15234375,92
11.15625,100
11.16015625,97
11.1640625,88
11.16796875,77
11.171875,65
11.17578125,56
11.1796875,49
11.18359375,41
11.1875,28
11.19140625,13
11.1953125,-2
11.19921875,-19
11.203125,-38
11.20703125,-57
11.2109375,-68
11.21484375,-67
11.21875,-52
11.22265625,-26
11.2265625,7
11.23046875,40
11.234375,61
11.23828125,63
11.2421875,48
11.24609375,22
11.25,-6
11.25390625,-29
11.2578125,-43
11.26171875,-49
11.265625,-49
11.26953125,-45
11.2734375,-43
11.27734375,-42
11.28125,-41
11.28515625,-35
11.2890625,-27
11.29296875,-21
11.296875,-15
11.30078125,-6
11.3046875,6
11.30859375,15
11.3125,15
11.31640625,10
11.3203125,7
11.32421875,7
11.328125,10
11.33203125,18
11.3359375,28
11.33984375,30
11.34375,20
11.34765625,2
11.3515625,-16
11.35546875,-31
11.359375,-42
11.36328125,-47
11.3671875,-47
11.37109375,-46
11.375,-44
11.37890625,-41
11.3828125,-38
11.38671875,-38
11.390625,-43
11.39453125,-48
11.3984375,-45
11.40234375,-34
11.40625,-15
11.41015625,7
11.4140625,26
11.41796875,36
11.421875,33
11.42578125,24
11.4296875,20
11.43359375,23
11.4375,28
11.44140625,31
11.4453125,28
11.44921875,18
11.453125,3
11.45703125,-11
11.4609375,-17
11.46484375,-18
11.46875,-17
11.47265625,-19
11.4765625,-24
11.48046875,-30
11.484375,-34
11.48828125,-32
11.4921875,-23
11.49609375,-9
11.5,6
11.50390625,15
11.5078125,18
11.51171875,19
11.515625,22
11.51953125,25
11.5234375,26
11.52734375,26
11.53125,24
11.53515625,20
11.5390625,14
11.54296875,7
11.546875,0
11.55078125,-11
11.5546875,-22
11.55859375,-28
11.5625,-24
11.56640625,-7
11.5703125,19
11.57421875,42
11.578125,55
11.58203125,56
11.5859375,48
11.58984375,35
11.59375,26
11.59765625,27
11.6015625,43
11.60546875,63
11.609375,75
11.61328125,72
11.6171875,55
11.62109375,25
11.625,-9
11.62890625,-36
11.6328125,-49
11.63671875,-47
11.640625,-34
11.64453125,-18
11.6484375,-3
11.65234375,7
11.65625,14
11.66015625,15
11.6640625,13
11.66796875,12
11.671875,16
11.67578125,27
11.6796875,40
11.68359375,54
11.6875,66
11.69140625,71
11.6953125,69
11.69921875,57
11.703125,39
11.70703125,20
11.7109375,3
11.71484375,-9
11.71875,-11
11.72265625,-8
11.7265625,-5
11.73046875,-7
11.734375,-15
11.73828125,-27
11.7421875,-39
11.74609375,-44
11.75,-40
11.75390625,-28
11.7578125,-13
11.76171875,0
11.765625,8
11.76953125,13
11.7734375,13
11.77734375,11
11.78125,13
11.78515625,21
11.7890625,30
11.79296875,37
11.796875,43
11.80078125,47
11.8046875,44
11.80859375,31
11.8125,13
11.81640625,-1
11.8203125,-7
11.82421875,-2
11.828125,13
11.83203125,33
11.8359375,48
11.83984375,52
11.84375,49
11.84765625,48
11.8515625,54
11.85546875,66
11.859375,80
11.86328125,88
11.8671875,88
11.87109375,79
11.875,62
11.87890625,43
11.8828125,26
11.88671875,16
11.890625,14
11.89453125,17
11.8984375,23
11.90234375,22
11.90625,13
11.91015625,-3
11.9140625,-19
11.91796875,-31
11.921875,-36
11.92578125,-33
11.9296875,-25
11.93359375,-18
11.9375,-15
11.94140625,-9
11.9453125,0
11.94921875,11
11.953125,25
11.95703125,43
11.9609375,62
11.96484375,79
11.96875,88
11.97265625,87
11.9765625,73
11.98046875,50
11.984375,25
11.98828125,4
11.9921875,-6
11.99609375,-8
12.0,-5
12.00390625,-3
12.0078125,-2
12.01171875,-3
12.015625,-7
12.01953125,-15
12.0234375,-20
12.02734375,-21
12.03125,-16
12.03515625,-3
12.0390625,15
12.04296875,32
12.046875,42
12.05078125,45
12.0546875,48
12.05859375,54
12.0625,62
12.06640625,67
12.0703125,69
12.07421875,66
12.078125,58
12.08203125,45
12.0859375,30
12.08984375,11
12.09375,-10
12.09765625,-31
12.1015625,-42
12.10546875,-42
12.109375,-34
12.11328125,-24
12.1171875,-17
12.12109375,-17
12.125,-17
12.12890625,-9
12.1328125,7
12.13671875,24
12.140625,30
12.14453125,23
12.1484375,5
12.15234375,-16
12.15625,-28
12.16015625,-23
12.1640625,-3
12.16796875,20
12.171875,33
12.17578125,30
12.1796875,13
12.18359375,-8
12.1875,-22
12.19140625,-27
12.1953125,-25
12.19921875,-20
12.203125,-14
12.20703125,-4
12.2109375,7
12.21484375,22
12.21875,42
12.22265625,57
12.2265625,57
12.23046875,43
12.234375,28
12.23828125,19
12.2421875,18
12.24609375,22
12.25,27
12.25390625,26
12.2578125,19
12.26171875,8
12.265625,1
12.26953125,1
12.2734375,7
12.27734375,16
12.28125,29
12.28515625,43
12.2890625,56
12.29296875,64
12.296875,63
12.30078125,54
12.3046875,44
12.30859375,42
12.3125,48
12.31640625,57
12.3203125,60
12.32421875,53
12.328125,32
12.33203125,1
12.3359375,-28
12.33984375,-46
12.34375,-53
12.34765625,-49
12.3515625,-34
12.35546875,-14
12.359375,6
12.36328125,20
12.3671875,24
12.37109375,18
12.375,5
12.37890625,-10
12.3828125,-25
12.38671875,-36
12.390625,-39
12.39453125,-33
12.3984375,-23
12.40234375,-14
12.40625,-5
12.41015625,7
12.4140625,20
12.41796875,33
12.421875,48
12.42578125,63
12.4296875,68
12.43359375,54
12.4375,26
12.44140625,0
12.4453125,-18
12.44921875,-26
12.453125,-19
12.45703125,0
12.4609375,20
12.46484375,29
12.46875,23
12.47265625,7
12.4765625,-13
12.48046875,-28
12.484375,-34
12.48828125,-34
12.4921875,-28
12.49609375,-18
12.5,-11
12.50390625,-9
12.5078125,-9
12.51171875,-5
12.515625,0
12.51953125,4
12.5234375,7
12.52734375,8
12.53125,7
12.53515625,4
12.5390625,-2
12.54296875,-12
12.546875,-27
12.55078125,-41
12.5546875,-49
12.55859375,-46
12.5625,-35
12.56640625,-18
12.5703125,0
12.57421875,12
12.578125,16
12.58203125,18
12.5859375,19
12.58984375,21
12.59375,19
12.59765625,12
12.6015625,-2
12.60546875,-15
12.609375,-22
12.61328125,-22
12.6171875,-22
12.62109375,-29
12.625,-44
12.62890625,-65
12.6328125,-86
12.63671875,-99
12.640625,-95
12.64453125,-77
12.6484375,-52
12.65234375,-30
12.65625,-20
12.66015625,-24
12.6640625,-34
12.66796875,-41
12.671875,-41
12.67578125,-35
12.6796875,-26
12.68359375,-17
12.6875,-15
12.69140625,-19
12.6953125,-24
12.69921875,-27
12.703125,-28
12.70703125,-30
12.7109375,-29
12.71484375,-29
12.71875,-30
12.72265625,-29
12.7265625,-29
12.73046875,-30
12.734375,-29
12.73828125,-25
12.7421875,-21
12.74609375,-25
12.75,-35
12.75390625,-45
12.7578125,-45
12.76171875,-33
12.765625,-9
12.76953125,21
12.7734375,46
12.77734375,61
12.78125,63
12.78515625,56
12.7890625,42
12.79296875,27
12.796875,10
12.80078125,-7
12.8046875,-20
12.80859375,-29
12.8125,-36
12.81640625,-42
12.8203125,-46
12.82421875,-44
12.828125,-34
12.83203125,-19
12.8359375,-3
12.83984375,5
12.84375,6
12.84765625,4
12.8515625,9
12.85546875,20
12.859375,35
12.86328125,48
12.8671875,56
12.87109375,53
12.875,42
12.87890625,35
12.8828125,40
12.88671875,52
12.890625,61
12.89453125,64
12.8984375,58
12.90234375,40
12.90625,16
12.91015625,-5
12.9140625,-15
12.91796875,-20
12.921875,-26
12.92578125,-31
12.9296875,-30
12.93359375,-24
12.9375,-15
12.94140625,-5
12.9453125,-1
12.94921875,-8
12.953125,-20
12.95703125,-26
12.9609375,-22
12.96484375,-9
12.96875,8
12.97265625,23
12.9765625,25
12.98046875,12
12.984375,-4
12.98828125,-14
12.9921875,-18
12.99609375,-18
13.0,-11
13.00390625,2
13.0078125,15
13.01171875,21
13.015625,24
13.01953125,25
13.0234375,21
13.02734375,12
13.03125,0
13.03515625,-9
13.0390625,-16
13.04296875,-18
13.046875,-12
13.05078125,6
13.0546875,29
13.05859375,50
13.0625,65
13.06640625,69
13.0703125,63
13.07421875,49
13.078125,35
13.08203125,25
13.0859375,14
13.08984375,1
13.09375,-11
13.09765625,-21
13.1015625,-26
13.10546875,-23
13.109375,-14
13.11328125,-2
13.1171875,8
13.12109375,15
13.125,19
13.12890625,23
13.1328125,27
13.13671875,32
13.140625,34
13.14453125,29
13.1484375,16
13.15234375,0
13.15625,-16
13.16015625,-26
13.1640625,-29
13.16796875,-25
13.171875,-19
13.17578125,-14
13.1796875,-15
13.18359375,-17
13.1875,-17
13.19140625,-17
13.1953125,-16
13.19921875,-12
13.203125,-7
13.20703125,-3
13.2109375,-1
13.21484375,4
13.21875,9
13.22265625,15
13.2265625,21
13.23046875,27
13.234375,33
13.23828125,39
13.2421875,42
13.24609375,37
13.25,25
13.25390625,8
13.2578125,-9
13.26171875,-25
13.265625,-36
13.26953125,-40
13.2734375,-42
13.27734375,-43
13.28125,-46
13.28515625,-49
13.2890625,-50
13.29296875,-44
13.296875,-31
13.30078125,-15
13.3046875,1
13.30859375,13
13.3125,17
13.31640625,14
13.3203125,11
13.32421875,13
13.328125,20
13.33203125,29
13.3359375,35
13.33984375,34
13.34375,27
13.34765625,13
13.3515625,-1
13.35546875,-9
13.359375,-5
13.36328125,8
13.3671875,27
13.37109375,48
13.375,65
13.37890625,71
13.3828125,65
13.38671875,55
13.390625,47
13.39453125,41
13.3984375,36
13.40234375,35
13.40625,40
13.41015625,48
13.4140625,58
13.41796875,66
13.421875,67
13.42578125,56
13.4296875,33
13.43359375,9
13.4375,-5
13.44140625,-7
13.4453125,-4
13.44921875,-3
13.453125,-3
13.45703125,-3
13.4609375,-1
13.46484375,4
13.46875,17
13.47265625,32
13.4765625,44
13.48046875,50
13.484375,55
13.48828125,63
13.4921875,73
13.49609375,76
13.5,70
13.50390625,61
13.5078125,53
13.51171875,52
13.515625,63
13.51953125,82
13.5234375,101
13.52734375,106
13.53125,92
13.53515625,62
13.5390625,25
13.54296875,-5
13.546875,-18
13.55078125,-16
13.5546875,-3
13.55859375,16
13.5625,32
13.56640625,35
13.5703125,27
13.57421875,17
13.578125,7
13.58203125,-2
13.5859375,-9
13.58984375,-9
13.59375,-7
13.59765625,-7
13.6015625,-7
13.60546875,-7
13.609375,-10
13.61328125,-20
13.6171875,-36
13.62109375,-51
13.625,-59
13.62890625,-61
13.6328125,-57
13.63671875,-52
13.640625,-49
13.64453125,-56
13.6484375,-68
13.65234375,-72
13.65625,-58
13.66015625,-29
13.6640625,4
13.66796875,33
13.671875,48
13.67578125,45
13.6796875,28
13.68359375,12
13.6875,2
13.69140625,-2
13.6953125,-2
13.69921875,-4
13.703125,-10
13.70703125,-19
13.7109375,-27
13.71484375,-31
13.71875,-32
13.72265625,-27
13.7265625,-18
13.73046875,-12
13.734375,-14
13.73828125,-22
13.7421875,-35
13.74609375,-47
13.75,-53
13.75390625,-48
13.7578125,-34
13.76171875,-21
13.765625,-15
13.76953125,-18
13.7734375,-26
13.77734375,-34
13.78125,-36
13.78515625,-32
13.7890625,-15
13.79296875,9
13.796875,29
13.80078125,35
13.8046875,29
13.80859375,11
13.8125,-17
13.81640625,-39
13.8203125,-43
13.82421875,-30
13.828125,-13
13.83203125,1
13.8359375,11
13.83984375,16
13.84375,19
13.84765625,20
13.8515625,20
13.85546875,18
13.859375,13
13.86328125,11
13.8671875,13
13.87109375,21
13.875,24
13.87890625,18
13.8828125,2
13.88671875,-17
13.890625,-34
13.89453125,-43
13.8984375,-40
13.90234375,-28
13.90625,-12
13.91015625,-1
13.9140625,6
13.91796875,7
13.921875,4
13.92578125,-1
13.9296875,-3
13.93359375,0
13.9375,5
13.94140625,8
13.9453125,11
13.94921875,14
13.953125,15
13.95703125,14
13.9609375,11
13.96484375,0
13.96875,-16
13.97265625,-32
13.9765625,-44
13.98046875,-49
13.984375,-47
13.98828125,-38
13.9921875,-27
13.99609375,-16
14.0,-4
14.00390625,9
14.0078125,23
14.01171875,33
14.015625,40
14.01953125,44
14.0234375,44
14.02734375,39
14.03125,29
14.03515625,21
14.0390625,14
14.04296875,8
14.046875,4
14.05078125,1
14.0546875,-5
14.05859375,-19
14.0625,-36
14.06640625,-48
14.0703125,-52
14.07421875,-49
14.078125,-39
14.08203125,-23
14.0859375,-8
14.08984375,4
14.09375,16
14.09765625,31
14.1015625,46
14.10546875,56
14.109375,62
14.11328125,62
14.1171875,55
14.12109375,39
14.125,16
14.12890625,-7
14.1328125,-26
14.13671875,-37
14.140625,-37
14.14453125,-28
14.1484375,-18
14.15234375,-14
14.15625,-19
14.16015625,-29
14.1640625,-40
14.16796875,-46
14.171875,-46
14.17578125,-40
14.1796875,-26
14.18359375,-4
14.1875,19
14.19140625,39
14.1953125,53
14.19921875,59
14.203125,54
14.20703125,43
14.2109375,34
14.21484375,27
14.21875,20
14.22265625,7
14.2265625,-11
14.23046875,-31
14.234375,-43
14.23828125,-42
14.2421875,-30
14.24609375,-16
14.25,-7
14.25390625,-7
14.2578125,-12
14.26171875,-19
14.265625,-22
14.26953125,-17
14.2734375,-13
14.27734375,-13
14.28125,-12
14.28515625,0
14.2890625,22
14.29296875,47
14.296875,68
14.30078125,81
14.3046875,79
14.30859375,62
14.3125,40
14.31640625,23
14.3203125,13
14.32421875,5
14.328125,-1
14.33203125,-6
14.3359375,-9
14.33984375,-11
14.34375,-11
14.34765625,-10
14.3515625,-9
14.35546875,-7
14.359375,-2
14.36328125,3
14.3671875,8
14.37109375,14
14.375,19
14.37890625,18
14.3828125,10
14.38671875,1
14.390625,-5
14.39453125,-6
14.3984375,-5
14.40234375,-4
14.40625,-6
14.41015625,-12
14.4140625,-24
14.41796875,-41
14.421875,-52
14.42578125,-55
14.4296875,-48
14.43359375,-34
14.4375,-15
14.44140625,8
14.4453125,31
14.44921875,48
14.453125,54
14.45703125,49
14.4609375,31
14.46484375,4
14.46875,-23
14.47265625,-44
14.4765625,-57
14.48046875,-62
14.484375,-56
14.48828125,-45
14.4921875,-39
14.49609375,-40
14.5,-46
14.50390625,-54
14.5078125,-60
14.51171875,-63
14.515625,-62
14.51953125,-59
14.5234375,-57
14.52734375,-57
14.53125,-55
14.53515625,-47
14.5390625,-37
14.54296875,-33
14.546875,-38
14.55078125,-48
14.5546875,-56
14.55859375,-54
14.5625,-40
14.56640625,-18
14.5703125,1
14.57421875,11
14.578125,8
14.58203125,-4
14.5859375,-17
14.58984375,-26
14.59375,-29
14.59765625,-31
14.6015625,-31
14.60546875,-28
14.609375,-20
14.61328125,-6
14.6171875,18
14.62109375,47
14.625,74
14.62890625,94
14.6328125,105
14.63671875,105
14.640625,96
14.64453125,85
14.6484375,76
14.65234375,66
14.65625,57
14.66015625,53
14.6640625,53
14.66796875,57
14.671875,61
14.67578125,62
14.6796875,55
14.68359375,41
14.6875,24
14.69140625,10
14.6953125,1
14.69921875,-2
14.703125,3
14.70703125,11
14.7109375,15
14.71484375,15
14.71875,15
14.72265625,16
14.7265625,17
14.73046875,22
14.734375,33
14.73828125,45
14.7421875,53
14.74609375,57
14.75,54
14.75390625,42
14.7578125,22
14.76171875,2
14.765625,-12
14.76953125,-16
14.7734375,-10
14.77734375,4
14.78125,21
14.78515625,31
14.7890625,30
14.79296875,17
14.796875,1
14.80078125,-9
14.8046875,-12
14.80859375,-9
14.8125,-3
14.81640625,2
14.8203125,8
14.82421875,15
14.828125,27
14.83203125,43
14.8359375,56
14.83984375,62
14.84375,58
14.84765625,47
14.8515625,36
14.85546875,27
14.859375,17
14.86328125,1
14.8671875,-18
14.87109375,-36
14.875,-44
14.87890625,-39
14.8828125,-21
14.88671875,3
14.890625,22
14.89453125,30
14.8984375,29
14.90234375,22
14.90625,18
14.91015625,18
14.9140625,19
14.91796875,22
14.921875,29
14.92578125,35
14.9296875,35
14.93359375,30
14.9375,22
14.94140625,14
14.9453125,4
14.94921875,-4
14.953125,-11
14.95703125,-23
14.9609375,-44
14.96484375,-68
14.96875,-83
14.97265625,-82
14.9765625,-65
14.98046875,-35
14.984375,-2
14.98828125,28
14.9921875,48
14.99609375,60
15.0,67
15.00390625,71
15.0078125,70
15.01171875,62
15.015625,50
15.01953125,37
15.0234375,24
15.02734375,12
15.03125,2
15.03515625,-6
15.0390625,-12
15.04296875,-17
15.046875,-21
15.05078125,-21
15.0546875,-20
15.05859375,-22
15.0625,-24
15.06640625,-24
15.0703125,-21
15.07421875,-16
15.078125,-10
15.08203125,-2
15.0859375,7
15.08984375,13
15.09375,15
15.09765625,15
15.1015625,11
15.10546875,5
15.109375,-3
15.11328125,-11
15.1171875,-18
15.12109375,-26
15.125,-40
15.12890625,-59
15.1328125,-81
15.13671875,-99
15.140625,-108
15.14453125,-107
15.1484375,-94
15.15234375,-74
15.15625,-53
15.16015625,-39
15.1640625,-34
15.16796875,-31
15.171875,-27
15.17578125,-20
15.1796875,-11
15.18359375,-3
15.1875,0
15.19140625,-5
15.1953125,-19
15.19921875,-36
15.203125,-51
15.20703125,-61
15.2109375,-66
15.21484375,-67
15.21875,-63
15.22265625,-57
15.2265625,-49
15.23046875,-36
15.234375,-19
15.23828125,-3
15.2421875,11
15.24609375,23
15.25,32
15.25390625,39
15.2578125,42
15.26171875,47
15.265625,52
15.26953125,58
15.2734375,63
15.27734375,65
15.28125,61
15.28515625,45
15.2890625,17
15.29296875,-15
15.296875,-44
15.30078125,-65
15.3046875,-77
15.30859375,-79
15.3125,-72
15.31640625,-55
15.3203125,-31
15.32421875,-5
15.328125,19
15.33203125,36
15.3359375,41
15.33984375,39
15.34375,38
15.34765625,43
15.3515625,52
15.35546875,61
15.359375,69
15.36328125,72
15.3671875,69
15.37109375,63
15.375,56
15.37890625,47
15.3828125,39
15.38671875,33
15.390625,32
15.39453125,37
15.3984375,44
15.40234375,50
15.40625,55
15.41015625,59
15.4140625,57
15.41796875,46
15.421875,30
15.42578125,13
15.4296875,1
15.43359375,-1
15.4375,5
15.44140625,16
15.4453125,28
15.44921875,38
15.453125,45
15.45703125,46
15.4609375,44
15.46484375,40
15.46875,34
15.47265625,25
15.4765625,15
15.48046875,8
15.484375,4
15.48828125,-2
15.4921875,-10
15.49609375,-21
15.5,-32
15.50390625,-41
15.5078125,-47
15.51171875,-48
15.515625,-43
15.51953125,-32
15.5234375,-18
15.52734375,-9
15.53125,-8
15.53515625,-12
15.5390625,-15
15.54296875,-15
15.546875,-11
15.55078125,-6
15.5546875,-2
15.55859375,-5
15.5625,-14
15.56640625,-22
15.5703125,-19
15.57421875,-5
15.578125,16
15.58203125,36
15.5859375,46
15.58984375,43
15.59375,27
15.59765625,9
15.6015625,-4
15.60546875,-7
15.609375,-1
15.61328125,9
15.6171875,15
15.62109375,14
15.625,6
15.62890625,-4
15.6328125,-13
15.63671875,-20
15.640625,-22
15.64453125,-20
15.6484375,-14
15.65234375,-1
15.65625,16
15.66015625,34
15.6640625,45
15.66796875,44
15.671875,31
15.67578125,12
15.6796875,-5
15.68359375,-15
15.6875,-15
15.69140625,-5
15.6953125,10
15.69921875,23
15.703125,33
15.70703125,38
15.7109375,33
15.71484375,21
15.71875,7
15.72265625,-1
15.7265625,-1
15.73046875,4
15.734375,14
15.73828125,20
15.7421875,19
15.74609375,12
15.75,2
15.75390625,-12
15.7578125,-27
15.76171875,-41
15.765625,-52
15.76953125,-57
15.7734375,-49
15.77734375,-31
15.78125,-9
15.78515625,13
15.7890625,33
15.79296875,45
15.796875,49
15.80078125,45
15.8046875,36
15.80859375,23
15.8125,9
15.81640625,-3
15.8203125,-9
15.82421875,-14
15.828125,-23
15.83203125,-38
15.8359375,-60
15.83984375,-84
15.84375,-105
15.84765625,-115
15.8515625,-112
15.85546875,-93
15.859375,-61
15.86328125,-27
15.8671875,-6
15.87109375,-5
15.875,-25
15.87890625,-58
15.8828125,-91
15.88671875,-108
15.890625,-102
15.89453125,-76
15.8984375,-44
15.90234375,-20
15.90625,-11
15.91015625,-15
15.9140625,-28
15.91796875,-43
15.921875,-54
15.92578125,-59
15.9296875,-60
15.93359375,-64
15.9375,-76
15.94140625,-97
15.9453125,-127
15.94921875,-157
15.953125,-176
15.95703125,-174
15.9609375,-153
15.96484375,-119
15.96875,-82
15.97265625,-51
15.9765625,-33
15.98046875,-25
15.984375,-21
15.98828125,-18
15.9921875,-16
15.99609375,-14
16.0,-10
16.00390625,-7
16.0078125,-5
16.01171875,-3
16.015625,1
16.01953125,3
16.0234375,-3
16.02734375,-13
16.03125,-27
16.03515625,-43
16.0390625,-59
16.04296875,-70
16.046875,-74
16.05078125,-71
16.0546875,-62
16.05859375,-46
16.0625,-23
16.06640625,2
16.0703125,25
16.07421875,42
16.078125,52
16.08203125,54
16.0859375,51
16.08984375,45
16.09375,39
16.09765625,35
16.1015625,31
16.10546875,22
16.109375,7
16.11328125,-14
16.1171875,-33
16.12109375,-45
16.125,-48
16.12890625,-43
16.1328125,-33
16.13671875,-29
16.140625,-31
16.14453125,-35
16.1484375,-38
16.15234375,-40
16.15625,-42
16.16015625,-43
16.1640625,-43
16.16796875,-35
16.171875,-17
16.17578125,9
16.1796875,34
16.18359375,52
16.1875,61
16.19140625,63
16.1953125,60
16.19921875,54
16.203125,45
16.20703125,33
16.2109375,17
16.21484375,-2
16.21875,-18
16.22265625,-31
16.2265625,-39
16.23046875,-40
16.234375,-36
16.23828125,-29
16.2421875,-22
16.24609375,-14
16.25,-9
16.25390625,-8
16.2578125,-9
16.26171875,-8
16.265625,-3
16.26953125,4
16.2734375,11
16.27734375,16
16.28125,19
16.28515625,20
16.2890625,16
16.29296875,7
16.296875,-4
16.30078125,-13
16.3046875,-23
16.30859375,-34
16.3125,-43
16.31640625,-45
16.3203125,-36
16.32421875,-23
16.328125,-6
16.33203125,13
16.3359375,30
16.33984375,38
16.34375,40
16.34765625,41
16.3515625,44
16.35546875,45
16.359375,42
16.36328125,34
16.3671875,21
16.37109375,7
16.375,-7
16.37890625,-15
16.3828125,-15
16.38671875,-4
16.390625,8
16.39453125,13
16.3984375,9
16.40234375,2
16.40625,-6
16.41015625,-10
16.4140625,-5
16.41796875,7
16.421875,18
16.42578125,23
16.4296875,21
16.43359375,10
16.4375,-1
16.44140625,-8
16.4453125,-12
16.44921875,-16
16.453125,-16
16.45703125,-10
16.4609375,-6
16.46484375,-10
16.46875,-21
16.47265625,-35
16.4765625,-50
16.48046875,-66
16.484375,-73
16.48828125,-71
16.4921875,-65
16.49609375,-60
16.5,-56
16.50390625,-50
16.5078125,-41
16.51171875,-25
16.515625,-3
16.51953125,21
16.5234375,43
16.52734375,54
16.53125,52
16.53515625,42
16.5390625,29
16.54296875,18
16.546875,8
16.55078125,-1
16.5546875,-8
16.55859375,-15
16.5625,-19
16.56640625,-19
16.5703125,-14
16.57421875,-10
16.578125,-14
16.58203125,-30
16.5859375,-54
16.58984375,-76
16.59375,-86
16.59765625,-81
16.6015625,-61
16.60546875,-34
16.609375,-14
16.61328125,-5
16.6171875,-4
16.62109375,-3
16.625,-1
16.62890625,1
16.6328125,1
16.63671875,-3
16.640625,-11
16.64453125,-18
16.6484375,-20
16.65234375,-19
16.65625,-19
16.66015625,-19
16.6640625,-17
16.66796875,-15
16.671875,-12
16.67578125,-5
16.6796875,0
16.68359375,-1
16.6875,-7
16.69140625,-5
16.6953125,6
16.69921875,20
16.703125,35
16.70703125,48
16.7109375,56
16.71484375,56
16.71875,53
16.72265625,52
16.7265625,52
16.73046875,47
16.734375,38
16.73828125,28
16.7421875,16
16.74609375,-5
16.75,-31
16.75390625,-57
16.7578125,-75
16.76171875,-87
16.765625,-90
16.76953125,-82
16.7734375,-65
16.77734375,-44
16.78125,-22
16.78515625,4
16.7890625,31
16.79296875,53
16.796875,63
16.80078125,60
16.8046875,49
16.80859375,38
16.8125,30
16.81640625,26
16.8203125,21
16.82421875,13
16.828125,2
16.83203125,-9
16.8359375,-13
16.83984375,-9
16.84375,-5
16.84765625,-7
16.8515625,-18
16.85546875,-37
16.859375,-57
16.86328125,-63
16.8671875,-50
16.87109375,-21
16.875,17
16.87890625,55
16.8828125,81
16.88671875,89
16.890625,82
16.89453125,68
16.8984375,53
16.90234375,42
16.90625,34
16.91015625,29
16.9140625,23
16.91796875,10
16.921875,-12
16.92578125,-37
16.9296875,-60
16.93359375,-79
16.9375,-92
16.94140625,-92
16.9453125,-76
16.94921875,-52
16.953125,-29
16.95703125,-12
16.9609375,2
16.96484375,14
16.96875,21
16.97265625,25
16.9765625,27
16.98046875,26
16.984375,18
16.98828125,5
16.9921875,-7
16.99609375,-16
17.0,-21
17.00390625,-23
17.0078125,-24
17.01171875,-27
17.015625,-26
17.01953125,-17
17.0234375,-7
17.02734375,2
17.03125,13
17.03515625,23
17.0390625,27
17.04296875,25
17.046875,24
17.05078125,24
17.0546875,24
17.05859375,22
17.0625,23
17.06640625,30
17.0703125,40
17.07421875,46
17.078125,46
17.08203125,39
17.0859375,26
17.08984375,10
17.09375,-1
17.09765625,-8
17.1015625,-11
17.10546875,-14
17.109375,-19
17.11328125,-25
17.1171875,-26
17.12109375,-20
17.125,-5
17.12890625,15
17.1328125,36
17.13671875,57
17.140625,77
17.14453125,91
17.1484375,98
17.15234375,99
17.15625,97
17.16015625,94
17.1640625,91
17.16796875,88
17.171875,84
17.17578125,78
17.1796875,68
17.18359375,56
17.1875,44
17.19140625,32
17.1953125,19
17.19921875,5
17.203125,-7
17.20703125,-20
17.2109375,-32
17.21484375,-36
17.21875,-32
17.22265625,-23
17.2265625,-12
17.23046875,1
17.234375,10
17.23828125,12
17.2421875,9
17.24609375,8
17.25,11
17.25390625,16
17.2578125,18
17.26171875,17
17.265625,16
17.26953125,12
17.2734375,6
17.27734375,-2
17.28125,-3
17.28515625,2
17.2890625,12
17.29296875,24
17.296875,32
17.30078125,31
17.3046875,17
17.30859375,-8
17.3125,-35
17.31640625,-53
17.3203125,-54
17.32421875,-40
17.328125,-17
17.33203125,9
17.3359375,29
17.33984375,34
17.34375,19
17.34765625,-12
17.3515625,-46
17.35546875,-72
17.359375,-82
17.36328125,-75
17.3671875,-59
17.37109375,-46
17.375,-43
17.37890625,-51
17.3828125,-65
17.38671875,-76
17.390625,-78
17.39453125,-72
17.3984375,-60
17.40234375,-46
17.40625,-32
17.41015625,-22
17.4140625,-16
17.41796875,-18
17.421875,-29
17.42578125,-42
17.4296875,-48
17.43359375,-44
17.4375,-32
17.44140625,-19
17.4453125,-10
17.44921875,-12
17.453125,-24
17.45703125,-41
17.4609375,-55
17.46484375,-66
17.46875,-74
17.47265625,-79
17.4765625,-78
17.48046875,-67
17.484375,-48
17.48828125,-23
17.4921875,2
17.49609375,23
17.5,36
17.50390625,44
17.5078125,51
17.51171875,56
17.515625,55
17.51953125,46
17.5234375,29
17.52734375,6
17.53125,-18
17.53515625,-35
17.5390625,-47
17.54296875,-56
17.546875,-64
17.55078125,-72
17.5546875,-75
17.55859375,-70
17.5625,-55
17.56640625,-31
17.5703125,-6
17.57421875,16
17.578125,31
17.58203125,40
17.5859375,44
17.58984375,46
17.59375,47
17.59765625,44
17.6015625,39
17.60546875,33
17.609375,28
17.61328125,24
17.6171875,18
17.62109375,9
17.625,-7
17.62890625,-29
17.6328125,-54
17.63671875,-73
17.640625,-81
17.64453125,-77
17.6484375,-64
17.65234375,-42
17.65625,-12
17.66015625,17
17.6640625,41
17.66796875,57
17.671875,64
17.67578125,61
17.6796875,52
17.68359375,41
17.6875,35
17.69140625,36
17.6953125,43
17.69921875,49
17.703125,51
17.70703125,50
17.7109375,45
17.71484375,35
17.71875,23
17.72265625,12
17.7265625,1
17.73046875,-10
17.734375,-21
17.73828125,-29
17.7421875,-31
17.74609375,-23
17.75,-6
17.75390625,16
17.7578125,40
17.76171875,65
17.765625,87
17.76953125,100
17.7734375,103
17.77734375,99
17.78125,88
17.78515625,73
17.7890625,57
17.79296875,46
17.796875,35
17.80078125,19
17.8046875,-3
17.80859375,-23
17.8125,-39
17.81640625,-49
17.8203125,-49
17.82421875,-44
17.828125,-41
17.83203125,-44
17.8359375,-49
17.83984375,-50
17.84375,-44
17.84765625,-29
17.8515625,-6
17.85546875,17
17.859375,36
17.86328125,47
17.8671875,51
17.87109375,52
17.875,52
17.87890625,48
17.8828125,39
17.88671875,29
17.890625,24
17.89453125,22
17.8984375,22
17.90234375,24
17.90625,28
17.91015625,30
17.9140625,29
17.91796875,33
17.921875,41
17.92578125,49
17.9296875,51
17.93359375,50
17.9375,53
17.94140625,61
17.9453125,71
17.94921875,80
17.953125,84
17.95703125,81
17.9609375,70
17.96484375,57
17.96875,42
17.97265625,28
17.9765625,12
17.98046875,-5
17.984375,-23
17.98828125,-42
17.9921875,-61
17.99609375,-80
18.0,-96
18.00390625,-103
18.0078125,-97
18.01171875,-77
18.015625,-51
18.01953125,-23
18.0234375,2
18.02734375,21
18.03125,31
18.03515625,36
18.0390625,38
18.04296875,38
18.046875,39
18.05078125,42
18.0546875,46
18.05859375,47
18.0625,48
18.06640625,50
18.0703125,47
18.07421875,37
18.078125,23
18.08203125,4
18.0859375,-21
18.08984375,-49
18.09375,-67
18.09765625,-70
18.1015625,-60
18.10546875,-43
18.109375,-21
18.11328125,0
18.1171875,16
18.12109375,24
18.125,25
18.12890625,25
18.1328125,24
18.13671875,22
18.140625,18
18.14453125,12
18.1484375,1
18.15234375,-10
18.15625,-16
18.16015625,-17
18.1640625,-17
18.16796875,-20
18.171875,-22
18.17578125,-21
18.1796875,-19
18.18359375,-15
18.1875,-6
18.19140625,5
18.1953125,13
18.19921875,21
18.203125,33
18.20703125,47
18.2109375,59
18.21484375,63
18.21875,59
18.22265625,50
18.2265625,41
18.23046875,34
18.234375,31
18.23828125,30
18.2421875,30
18.24609375,26
18.25,15
18.25390625,0
18.2578125,-16
18.26171875,-30
18.265625,-37
18.26953125,-35
18.2734375,-25
18.27734375,-18
18.28125,-20
18.28515625,-32
18.2890625,-44
18.29296875,-51
18.296875,-47
18.30078125,-35
18.3046875,-17
18.30859375,-1
18.3125,6
18.31640625,4
18.3203125,0
18.32421875,-5
18.328125,-11
18.33203125,-18
18.3359375,-24
18.33984375,-32
18.34375,-40
18.34765625,-45
18.3515625,-46
18.35546875,-43
18.359375,-40
18.36328125,-38
18.3671875,-39
18.37109375,-44
18.375,-46
18.37890625,-44
18.3828125,-37
18.38671875,-27
18.390625,-19
18.39453125,-16
18.3984375,-20
18.40234375,-26
18.40625,-34
18.41015625,-42
18.4140625,-44
18.41796875,-39
18.421875,-32
18.42578125,-27
18.4296875,-25
18.43359375,-25
18.4375,-28
18.44140625,-32
18.4453125,-35
18.44921875,-30
18.453125,-17
18.45703125,0
18.4609375,16
18.46484375,26
18.46875,29
18.47265625,23
18.4765625,14
18.48046875,5
18.484375,1
18.48828125,3
18.4921875,1
18.49609375,-8
18.5,-21
18.50390625,-29
18.5078125,-29
18.51171875,-21
18.515625,-11
18.51953125,-3
18.5234375,-4
18.52734375,-13
18.53125,-22
18.53515625,-25
18.5390625,-18
18.54296875,-6
18.546875,10
18.55078125,27
18.5546875,42
18.55859375,53
18.5625,61
18.56640625,66
18.5703125,65
18.57421875,59
18.578125,51
18.58203125,44
18.5859375,37
18.58984375,33
18.59375,32
18.59765625,29
18.6015625,18
18.60546875,-3
18.609375,-24
18.61328125,-35
18.6171875,-33
18.62109375,-17
18.625,6
18.62890625,26
18.6328125,34
18.63671875,33
18.640625,32
18.64453125,40
18.6484375,59
18.65234375,86
18.65625,110
18.66015625,125
18.6640625,127
18.66796875,113
18.671875,82
18.67578125,40
18.6796875,-5
18.68359375,-43
18.6875,-67
18.69140625,-77
18.6953125,-75
18.69921875,-65
18.703125,-56
18.70703125,-51
18.7109375,-47
18.71484375,-43
18.71875,-41
18.72265625,-38
18.7265625,-28
18.73046875,-5
18.734375,25
18.73828125,52
18.7421875,68
18.74609375,67
18.75,53
18.75390625,37
18.7578125,29
18.76171875,34
18.765625,45
18.76953125,45
18.7734375,30
18.77734375,5
18.78125,-21
18.78515625,-38
18.7890625,-41
18.79296875,-32
18.796875,-19
18.80078125,-11
18.8046875,-10
18.80859375,-16
18.8125,-27
18.81640625,-37
18.8203125,-41
18.82421875,-35
18.828125,-21
18.83203125,-5
18.8359375,8
18.83984375,14
18.84375,12
18.84765625,5
18.8515625,-2
18.85546875,-4
18.859375,-3
18.86328125,-2
18.8671875,-6
18.87109375,-14
18.875,-22
18.87890625,-24
18.8828125,-21
18.88671875,-17
18.890625,-14
18.89453125,-12
18.8984375,-10
18.90234375,-8
18.90625,-3
18.91015625,7
18.9140625,15
18.91796875,14
18.921875,8
18.92578125,6
18.9296875,12
18.93359375,24
18.9375,38
18.94140625,49
18.9453125,49
18.94921875,34
18.953125,10
18.95703125,-12
18.9609375,-22
18.96484375,-17
18.96875,-3
18.97265625,13
18.9765625,25
18.98046875,24
18.984375,11
18.98828125,-6
18.9921875,-21
18.99609375,-26
19.0,-20
19.00390625,-6
19.0078125,9
19.01171875,21
19.015625,27
19.01953125,22
19.0234375,13
19.02734375,7
19.03125,9
19.03515625,20
19.0390625,36
19.04296875,51
19.046875,58
19.05078125,50
19.0546875,31
19.05859375,7
19.0625,-17
19.06640625,-36
19.0703125,-51
19.07421875,-57
19.078125,-54
19.08203125,-43
19.0859375,-27
19.08984375,-8
19.09375,12
19.09765625,26
19.1015625,32
19.10546875,36
19.109375,48
19.11328125,66
19.1171875,84
19.12109375,100
19.125,105
19.12890625,94
19.1328125,66
19.13671875,31
19.140625,4
19.14453125,-10
19.1484375,-9
19.15234375,1
19.15625,10
19.16015625,11
19.1640625,1
19.16796875,-15
19.171875,-30
19.17578125,-36
19.1796875,-30
19.18359375,-20
19.1875,-12
19.19140625,-6
19.1953125,0
19.19921875,2
19.203125,0
19.20703125,-6
19.2109375,-16
19.21484375,-31
19.21875,-49
19.22265625,-63
19.2265625,-68
19.23046875,-67
19.234375,-62
19.23828125,-54
19.2421875,-47
19.24609375,-44
19.25,-45
19.25390625,-47
19.2578125,-48
19.26171875,-45
19.265625,-38
19.26953125,-25
19.2734375,-13
19.27734375,-5
19.28125,-1
19.28515625,1
19.2890625,2
19.29296875,4
19.296875,8
19.30078125,6
19.3046875,-7
19.30859375,-27
19.3125,-49
19.31640625,-66
19.3203125,-73
19.32421875,-68
19.328125,-58
19.33203125,-50
19.3359375,-45
19.33984375,-45
19.34375,-47
19.34765625,-48
19.3515625,-44
19.35546875,-34
19.359375,-20
19.36328125,-4
19.3671875,15
19.37109375,34
19.375,49
19.37890625,60
19.3828125,65
19.38671875,64
19.390625,54
19.39453125,38
19.3984375,19
19.40234375,4
19.40625,-5
19.41015625,-6
19.4140625,-4
19.41796875,-3
19.421875,-4
19.42578125,-11
19.4296875,-21
19.43359375,-31
19.4375,-35
19.44140625,-34
19.4453125,-28
19.44921875,-19
19.453125,-12
19.45703125,-10
19.4609375,-14
19.46484375,-22
19.46875,-28
19.47265625,-26
19.4765625,-14
19.48046875,5
19.484375,21
19.48828125,30
19.4921875,32
19.49609375,26
19.5,14
19.50390625,2
19.5078125,-9
19.51171875,-20
19.515625,-32
19.51953125,-40
19.5234375,-39
19.52734375,-25
19.53125,-3
19.53515625,20
19.5390625,39
19.54296875,48
19.546875,43
19.55078125,31
19.5546875,22
19.55859375,21
19.5625,24
19.56640625,28
19.5703125,34
19.57421875,38
19.578125,36
19.58203125,29
19.5859375,25
19.58984375,23
19.59375,20
19.59765625,15
19.6015625,11
19.60546875,14
19.609375,22
19.61328125,30
19.6171875,35
19.62109375,40
19.625,42
19.62890625,38
19.6328125,33
19.63671875,30
19.640625,32
19.64453125,33
19.6484375,27
19.65234375,18
19.65625,13
19.66015625,13
19.6640625,15
19.66796875,16
19.671875,16
19.67578125,13
19.6796875,6
19.68359375,1
19.6875,4
19.69140625,13
19.6953125,19
19.69921875,18
19.703125,13
19.70703125,8
19.7109375,4
19.71484375,6
19.71875,17
19.72265625,35
19.7265625,56
19.73046875,73
19.734375,81
19.73828125,78
19.7421875,67
19.74609375,52
19.75,38
19.75390625,32
19.7578125,36
19.76171875,42
19.765625,43
19.76953125,36
19.7734375,24
19.77734375,10
19.78125,-3
19.78515625,-13
19.7890625,-14
19.79296875,-7
19.796875,6
19.80078125,20
19.8046875,32
19.80859375,42
19.8125,48
19.81640625,49
19.8203125,44
19.82421875,38
19.828125,33
19.83203125,33
19.8359375,43
19.83984375,61
19.84375,82
19.84765625,97
19.8515625,94
19.85546875,75
19.859375,46
19.86328125,16
19.8671875,-12
19.87109375,-34
19.875,-46
19.87890625,-50
19.8828125,-48
19.88671875,-37
19.890625,-17
19.89453125,5
19.8984375,19
19.90234375,22
19.90625,17
19.91015625,10
19.9140625,7
19.91796875,11
19.921875,26
19.92578125,45
19.9296875,55
19.93359375,49
19.9375,33
19.94140625,12
19.9453125,-7
19.94921875,-20
19.953125,-21
19.95703125,-12
19.9609375,-2
19.96484375,-1
19.96875,-9
19.97265625,-19
19.9765625,-27
19.98046875,-29
19.984375,-26
19.98828125,-17
19.9921875,-3
19.99609375,7
